Workbook

Sheet Messdaten
A1: Lichtquelle-Position [cm] | B1: Objekt-Position [cm] | C1: Linsen-Position [cm] | D1: Schirm-Position [cm] | E1: Bildgroesse B [cm] | G1: Hinweis: Alle Werte sind vom Referenzmassstab der optischen Schiene abgelesene Positionen (in cm), nicht direkte Distanzen -- ausser B (Bildgroesse, direkt gemessen). g und b werden im Blatt 'Auswertung' aus den Positionsdifferenzen berechnet. Objekt-Position (B2) ist der Referenzpunkt fuer g.
A2: 9 | B2: 10 | C2: 60 | D2: 68 | E2: 0.3
C3: 55 | D3: 63.5 | E3: 0.4
C4: 50 | D4: 58.9 | E4: 0.5
C5: 45 | D5: 54.3 | E5: 0.6
C6: 40 | D6: 49.5 | E6: 0.7
C7: 35 | D7: 45.2 | E7: 0.8
C8: 30 | D8: 41.5 | E8: 1.1
C9: 25 | D9: 39.8 | E9: 2
C10: 20 | D10: 52.8 | E10: 6
C11: 17.5
C12: 15

Sheet Auswertung
A1: g [mm] | B1: b [mm] | C1: B [mm] | D1: G [mm] | E1: 1/g [1/mm] | F1: 1/b [1/mm] | G1: 1/g+1/b [1/mm] | H1: B/G | I1: b/g | K1: Automatisch berechnet aus "Messdaten" - nicht von Hand bearbeiten.
A2: =IF(Messdaten!C2="","",(Messdaten!C2-Messdaten!$B$2)*10) -> 500 | B2: =IF(OR(Messdaten!D2="",Messdaten!C2=""),"",(Messdaten!D2-Messdaten!C2)*10) -> 80 | C2: =IF(Messdaten!E2="","",Messdaten!E2*10) -> 3 | D2: =IF(Fehlerrechnung!$B$4="","",Fehlerrechnung!$B$4) -> 18 | E2: =IF(A2="","",1/A2) -> 0.002 | F2: =IF(B2="","",1/B2) -> 0.0125 | G2: =IF(OR(E2="",F2=""),"",E2+F2) -> 0.0145 | H2: =IF(OR(C2="",D2=""),"",C2/D2) -> 0.16666667 | I2: =IF(OR(A2="",B2=""),"",B2/A2) -> 0.16
A3: =IF(Messdaten!C3="","",(Messdaten!C3-Messdaten!$B$2)*10) -> 450 | B3: =IF(OR(Messdaten!D3="",Messdaten!C3=""),"",(Messdaten!D3-Messdaten!C3)*10) -> 85 | C3: =IF(Messdaten!E3="","",Messdaten!E3*10) -> 4 | D3: =IF(Fehlerrechnung!$B$4="","",Fehlerrechnung!$B$4) -> 18 | E3: =IF(A3="","",1/A3) -> 0.0022222222 | F3: =IF(B3="","",1/B3) -> 0.011764706 | G3: =IF(OR(E3="",F3=""),"",E3+F3) -> 0.013986928 | H3: =IF(OR(C3="",D3=""),"",C3/D3) -> 0.22222222 | I3: =IF(OR(A3="",B3=""),"",B3/A3) -> 0.18888889
A4: =IF(Messdaten!C4="","",(Messdaten!C4-Messdaten!$B$2)*10) -> 400 | B4: =IF(OR(Messdaten!D4="",Messdaten!C4=""),"",(Messdaten!D4-Messdaten!C4)*10) -> 89 | C4: =IF(Messdaten!E4="","",Messdaten!E4*10) -> 5 | D4: =IF(Fehlerrechnung!$B$4="","",Fehlerrechnung!$B$4) -> 18 | E4: =IF(A4="","",1/A4) -> 0.0025 | F4: =IF(B4="","",1/B4) -> 0.011235955 | G4: =IF(OR(E4="",F4=""),"",E4+F4) -> 0.013735955 | H4: =IF(OR(C4="",D4=""),"",C4/D4) -> 0.27777778 | I4: =IF(OR(A4="",B4=""),"",B4/A4) -> 0.2225
A5: =IF(Messdaten!C5="","",(Messdaten!C5-Messdaten!$B$2)*10) -> 350 | B5: =IF(OR(Messdaten!D5="",Messdaten!C5=""),"",(Messdaten!D5-Messdaten!C5)*10) -> 93 | C5: =IF(Messdaten!E5="","",Messdaten!E5*10) -> 6 | D5: =IF(Fehlerrechnung!$B$4="","",Fehlerrechnung!$B$4) -> 18 | E5: =IF(A5="","",1/A5) -> 0.0028571429 | F5: =IF(B5="","",1/B5) -> 0.010752688 | G5: =IF(OR(E5="",F5=""),"",E5+F5) -> 0.013609831 | H5: =IF(OR(C5="",D5=""),"",C5/D5) -> 0.33333333 | I5: =IF(OR(A5="",B5=""),"",B5/A5) -> 0.26571429
A6: =IF(Messdaten!C6="","",(Messdaten!C6-Messdaten!$B$2)*10) -> 300 | B6: =IF(OR(Messdaten!D6="",Messdaten!C6=""),"",(Messdaten!D6-Messdaten!C6)*10) -> 95 | C6: =IF(Messdaten!E6="","",Messdaten!E6*10) -> 7 | D6: =IF(Fehlerrechnung!$B$4="","",Fehlerrechnung!$B$4) -> 18 | E6: =IF(A6="","",1/A6) -> 0.0033333333 | F6: =IF(B6="","",1/B6) -> 0.010526316 | G6: =IF(OR(E6="",F6=""),"",E6+F6) -> 0.013859649 | H6: =IF(OR(C6="",D6=""),"",C6/D6) -> 0.38888889 | I6: =IF(OR(A6="",B6=""),"",B6/A6) -> 0.31666667
A7: =IF(Messdaten!C7="","",(Messdaten!C7-Messdaten!$B$2)*10) -> 250 | B7: =IF(OR(Messdaten!D7="",Messdaten!C7=""),"",(Messdaten!D7-Messdaten!C7)*10) -> 102 | C7: =IF(Messdaten!E7="","",Messdaten!E7*10) -> 8 | D7: =IF(Fehlerrechnung!$B$4="","",Fehlerrechnung!$B$4) -> 18 | E7: =IF(A7="","",1/A7) -> 0.004 | F7: =IF(B7="","",1/B7) -> 0.0098039216 | G7: =IF(OR(E7="",F7=""),"",E7+F7) -> 0.013803922 | H7: =IF(OR(C7="",D7=""),"",C7/D7) -> 0.44444444 | I7: =IF(OR(A7="",B7=""),"",B7/A7) -> 0.408
A8: =IF(Messdaten!C8="","",(Messdaten!C8-Messdaten!$B$2)*10) -> 200 | B8: =IF(OR(Messdaten!D8="",Messdaten!C8=""),"",(Messdaten!D8-Messdaten!C8)*10) -> 115 | C8: =IF(Messdaten!E8="","",Messdaten!E8*10) -> 11 | D8: =IF(Fehlerrechnung!$B$4="","",Fehlerrechnung!$B$4) -> 18 | E8: =IF(A8="","",1/A8) -> 0.005 | F8: =IF(B8="","",1/B8) -> 0.0086956522 | G8: =IF(OR(E8="",F8=""),"",E8+F8) -> 0.013695652 | H8: =IF(OR(C8="",D8=""),"",C8/D8) -> 0.61111111 | I8: =IF(OR(A8="",B8=""),"",B8/A8) -> 0.575
A9: =IF(Messdaten!C9="","",(Messdaten!C9-Messdaten!$B$2)*10) -> 150 | B9: =IF(OR(Messdaten!D9="",Messdaten!C9=""),"",(Messdaten!D9-Messdaten!C9)*10) -> 148 | C9: =IF(Messdaten!E9="","",Messdaten!E9*10) -> 20 | D9: =IF(Fehlerrechnung!$B$4="","",Fehlerrechnung!$B$4) -> 18 | E9: =IF(A9="","",1/A9) -> 0.0066666667 | F9: =IF(B9="","",1/B9) -> 0.0067567568 | G9: =IF(OR(E9="",F9=""),"",E9+F9) -> 0.013423423 | H9: =IF(OR(C9="",D9=""),"",C9/D9) -> 1.1111111 | I9: =IF(OR(A9="",B9=""),"",B9/A9) -> 0.98666667
A10: =IF(Messdaten!C10="","",(Messdaten!C10-Messdaten!$B$2)*10) -> 100 | B10: =IF(OR(Messdaten!D10="",Messdaten!C10=""),"",(Messdaten!D10-Messdaten!C10)*10) -> 328 | C10: =IF(Messdaten!E10="","",Messdaten!E10*10) -> 60 | D10: =IF(Fehlerrechnung!$B$4="","",Fehlerrechnung!$B$4) -> 18 | E10: =IF(A10="","",1/A10) -> 0.01 | F10: =IF(B10="","",1/B10) -> 0.0030487805 | G10: =IF(OR(E10="",F10=""),"",E10+F10) -> 0.01304878 | H10: =IF(OR(C10="",D10=""),"",C10/D10) -> 3.3333333 | I10: =IF(OR(A10="",B10=""),"",B10/A10) -> 3.28
A11: =IF(Messdaten!C11="","",(Messdaten!C11-Messdaten!$B$2)*10) -> 75 | B11: =IF(OR(Messdaten!D11="",Messdaten!C11=""),"",(Messdaten!D11-Messdaten!C11)*10) | C11: =IF(Messdaten!E11="","",Messdaten!E11*10) | D11: =IF(Fehlerrechnung!$B$4="","",Fehlerrechnung!$B$4) -> 18 | E11: =IF(A11="","",1/A11) -> 0.013333333 | F11: =IF(B11="","",1/B11) | G11: =IF(OR(E11="",F11=""),"",E11+F11) | H11: =IF(OR(C11="",D11=""),"",C11/D11) | I11: =IF(OR(A11="",B11=""),"",B11/A11)
A12: =IF(Messdaten!C12="","",(Messdaten!C12-Messdaten!$B$2)*10) -> 50 | B12: =IF(OR(Messdaten!D12="",Messdaten!C12=""),"",(Messdaten!D12-Messdaten!C12)*10) | C12: =IF(Messdaten!E12="","",Messdaten!E12*10) | D12: =IF(Fehlerrechnung!$B$4="","",Fehlerrechnung!$B$4) -> 18 | E12: =IF(A12="","",1/A12) -> 0.02 | F12: =IF(B12="","",1/B12) | G12: =IF(OR(E12="",F12=""),"",E12+F12) | H12: =IF(OR(C12="",D12=""),"",C12/D12) | I12: =IF(OR(A12="",B12=""),"",B12/A12)
A13: =IF(Messdaten!C13="","",(Messdaten!C13-Messdaten!$B$2)*10) | B13: =IF(OR(Messdaten!D13="",Messdaten!C13=""),"",(Messdaten!D13-Messdaten!C13)*10) | C13: =IF(Messdaten!E13="","",Messdaten!E13*10) | D13: =IF(Fehlerrechnung!$B$4="","",Fehlerrechnung!$B$4) -> 18 | E13: =IF(A13="","",1/A13) | F13: =IF(B13="","",1/B13) | G13: =IF(OR(E13="",F13=""),"",E13+F13) | H13: =IF(OR(C13="",D13=""),"",C13/D13) | I13: =IF(OR(A13="",B13=""),"",B13/A13)
... A21: =IF(Messdaten!C21="","",(Messdaten!C21-Messdaten!$B$2)*10) | B21: =IF(OR(Messdaten!D21="",Messdaten!C21=""),"",(Messdaten!D21-Messdaten!C21)*10) | C21: =IF(Messdaten!E21="","",Messdaten!E21*10) | D21: =IF(Fehlerrechnung!$B$4="","",Fehlerrechnung!$B$4) -> 18 | E21: =IF(A21="","",1/A21) | F21: =IF(B21="","",1/B21) | G21: =IF(OR(E21="",F21=""),"",E21+F21) | H21: =IF(OR(C21="",D21=""),"",C21/D21) | I21: =IF(OR(A21="",B21=""),"",B21/A21)

Sheet Fehlerrechnung
A1: Fehlerfortpflanzung -- Aussage 1 (Abbildungsmassstab) und Aussage 2 (Linsengleichung)
A3: Konstante Eingaben (einmalig geschaetzt):
A4: Gegenstandsgroesse G [mm] | B4: 18
A5: Fehler Delta-G [mm]
A6: Fehler Delta-g [mm]
A7: Fehler Delta-B [mm]
A8: Fehler Delta-b [mm]
A9: g [mm] | B9: b [mm] | C9: B [mm] | D9: Delta-b [mm] (= B8, fuer alle Zeilen) | E9: Delta(1/g) | F9: Delta(1/b) | G9: Delta(1/g+1/b) | H9: d = b/g - B/G | I9: Delta-d
A10: =Auswertung!A2 -> 500 | B10: =Auswertung!B2 -> 80 | C10: =Auswertung!C2 -> 3 | D10: =IF($B$8="","",$B$8) | E10: =IF(OR(A10="",$B$6=""),"",$B$6/A10^2) | F10: =IF(OR(B10="",D10=""),"",D10/B10^2) | G10: =IF(OR(E10="",F10=""),"",E10+F10) | H10: =IF(OR(Auswertung!I2="",Auswertung!H2=""),"",Auswertung!I2-Auswertung!H2) -> -0.0066666667 | I10: =IF(OR(H10="",D10="",$B$5="",$B$6="",$B$7=""),"",Auswertung!I2*(D10/B10+$B$6/A10)+Auswertung!H2*($B$7/C10+$B$5/$B$4))
A11: =Auswertung!A3 -> 450 | B11: =Auswertung!B3 -> 85 | C11: =Auswertung!C3 -> 4 | D11: =IF($B$8="","",$B$8) | E11: =IF(OR(A11="",$B$6=""),"",$B$6/A11^2) | F11: =IF(OR(B11="",D11=""),"",D11/B11^2) | G11: =IF(OR(E11="",F11=""),"",E11+F11) | H11: =IF(OR(Auswertung!I3="",Auswertung!H3=""),"",Auswertung!I3-Auswertung!H3) -> -0.033333333 | I11: =IF(OR(H11="",D11="",$B$5="",$B$6="",$B$7=""),"",Auswertung!I3*(D11/B11+$B$6/A11)+Auswertung!H3*($B$7/C11+$B$5/$B$4))
A12: =Auswertung!A4 -> 400 | B12: =Auswertung!B4 -> 89 | C12: =Auswertung!C4 -> 5 | D12: =IF($B$8="","",$B$8) | E12: =IF(OR(A12="",$B$6=""),"",$B$6/A12^2) | F12: =IF(OR(B12="",D12=""),"",D12/B12^2) | G12: =IF(OR(E12="",F12=""),"",E12+F12) | H12: =IF(OR(Auswertung!I4="",Auswertung!H4=""),"",Auswertung!I4-Auswertung!H4) -> -0.055277778 | I12: =IF(OR(H12="",D12="",$B$5="",$B$6="",$B$7=""),"",Auswertung!I4*(D12/B12+$B$6/A12)+Auswertung!H4*($B$7/C12+$B$5/$B$4))
A13: =Auswertung!A5 -> 350 | B13: =Auswertung!B5 -> 93 | C13: =Auswertung!C5 -> 6 | D13: =IF($B$8="","",$B$8) | E13: =IF(OR(A13="",$B$6=""),"",$B$6/A13^2) | F13: =IF(OR(B13="",D13=""),"",D13/B13^2) | G13: =IF(OR(E13="",F13=""),"",E13+F13) | H13: =IF(OR(Auswertung!I5="",Auswertung!H5=""),"",Auswertung!I5-Auswertung!H5) -> -0.067619048 | I13: =IF(OR(H13="",D13="",$B$5="",$B$6="",$B$7=""),"",Auswertung!I5*(D13/B13+$B$6/A13)+Auswertung!H5*($B$7/C13+$B$5/$B$4))
A14: =Auswertung!A6 -> 300 | B14: =Auswertung!B6 -> 95 | C14: =Auswertung!C6 -> 7 | D14: =IF($B$8="","",$B$8) | E14: =IF(OR(A14="",$B$6=""),"",$B$6/A14^2) | F14: =IF(OR(B14="",D14=""),"",D14/B14^2) | G14: =IF(OR(E14="",F14=""),"",E14+F14) | H14: =IF(OR(Auswertung!I6="",Auswertung!H6=""),"",Auswertung!I6-Auswertung!H6) -> -0.072222222 | I14: =IF(OR(H14="",D14="",$B$5="",$B$6="",$B$7=""),"",Auswertung!I6*(D14/B14+$B$6/A14)+Auswertung!H6*($B$7/C14+$B$5/$B$4))
A15: =Auswertung!A7 -> 250 | B15: =Auswertung!B7 -> 102 | C15: =Auswertung!C7 -> 8 | D15: =IF($B$8="","",$B$8) | E15: =IF(OR(A15="",$B$6=""),"",$B$6/A15^2) | F15: =IF(OR(B15="",D15=""),"",D15/B15^2) | G15: =IF(OR(E15="",F15=""),"",E15+F15) | H15: =IF(OR(Auswertung!I7="",Auswertung!H7=""),"",Auswertung!I7-Auswertung!H7) -> -0.036444444 | I15: =IF(OR(H15="",D15="",$B$5="",$B$6="",$B$7=""),"",Auswertung!I7*(D15/B15+$B$6/A15)+Auswertung!H7*($B$7/C15+$B$5/$B$4))
A16: =Auswertung!A8 -> 200 | B16: =Auswertung!B8 -> 115 | C16: =Auswertung!C8 -> 11 | D16: =IF($B$8="","",$B$8) | E16: =IF(OR(A16="",$B$6=""),"",$B$6/A16^2) | F16: =IF(OR(B16="",D16=""),"",D16/B16^2) | G16: =IF(OR(E16="",F16=""),"",E16+F16) | H16: =IF(OR(Auswertung!I8="",Auswertung!H8=""),"",Auswertung!I8-Auswertung!H8) -> -0.036111111 | I16: =IF(OR(H16="",D16="",$B$5="",$B$6="",$B$7=""),"",Auswertung!I8*(D16/B16+$B$6/A16)+Auswertung!H8*($B$7/C16+$B$5/$B$4))
A17: =Auswertung!A9 -> 150 | B17: =Auswertung!B9 -> 148 | C17: =Auswertung!C9 -> 20 | D17: =IF($B$8="","",$B$8) | E17: =IF(OR(A17="",$B$6=""),"",$B$6/A17^2) | F17: =IF(OR(B17="",D17=""),"",D17/B17^2) | G17: =IF(OR(E17="",F17=""),"",E17+F17) | H17: =IF(OR(Auswertung!I9="",Auswertung!H9=""),"",Auswertung!I9-Auswertung!H9) -> -0.12444444 | I17: =IF(OR(H17="",D17="",$B$5="",$B$6="",$B$7=""),"",Auswertung!I9*(D17/B17+$B$6/A17)+Auswertung!H9*($B$7/C17+$B$5/$B$4))
A18: =Auswertung!A10 -> 100 | B18: =Auswertung!B10 -> 328 | C18: =Auswertung!C10 -> 60 | D18: =IF($B$8="","",$B$8) | E18: =IF(OR(A18="",$B$6=""),"",$B$6/A18^2) | F18: =IF(OR(B18="",D18=""),"",D18/B18^2) | G18: =IF(OR(E18="",F18=""),"",E18+F18) | H18: =IF(OR(Auswertung!I10="",Auswertung!H10=""),"",Auswertung!I10-Auswertung!H10) -> -0.053333333 | I18: =IF(OR(H18="",D18="",$B$5="",$B$6="",$B$7=""),"",Auswertung!I10*(D18/B18+$B$6/A18)+Auswertung!H10*($B$7/C18+$B$5/$B$4))
A20: Aussage 2 (Linsengleichung) -- numerische Fehlerfortpflanzung:
A21: Mittelwert 1/g+1/b [1/mm] | B21: =AVERAGE(Auswertung!G2:G10) -> 0.01374046
A22: N (Anzahl Zeilen) | B22: =COUNT(Auswertung!G2:G10) -> 9
A23: f_exp [mm] | B23: =1/B21 -> 72.777767
A24: Delta(Mittelwert 1/g+1/b) | B24: =IF(COUNT(G10:G18)<B22,"",(1/B22)*SQRT(SUMSQ(G10:G18)))
A25: Delta f_exp [mm] | B25: =IF(B24="","",B23^2*B24)
A27: Aussage 1 (Abbildungsmassstab) -- numerische Fehlerfortpflanzung:
A28: Mittelwert d (= b/g - B/G) | B28: =AVERAGE(H10:H18) -> -0.053939153
A29: N (Anzahl Zeilen) | B29: =COUNT(H10:H18) -> 9
A30: Delta d-quer (Fehler des Mittelwerts) | B30: =IF(COUNT(I10:I18)<B29,"",(1/B29)*SQRT(SUMSQ(I10:I18)))
A31: 0 innerhalb d-quer +/- Delta d-quer ? | B31: =IF(B30="","",IF(AND(B28-B30<=0,B28+B30>=0),"JA","NEIN"))
A33: Grafische Methode (Trendlinie aus den Diagrammen auf 'Auswertung'):
A34: Abbildungsgleichung: Steigung m (erwartet -1) | B34: =SLOPE(Auswertung!F2:F10,Auswertung!E2:E10) -> -1.1269136
A35: Abbildungsgleichung: Achsenabschnitt c | B35: =INTERCEPT(Auswertung!F2:F10,Auswertung!E2:E10) -> 0.014284488
A36: -> f aus Trendlinie [mm] | B36: =1/B35 -> 70.006011
A37: Abbildungsmassstab: Steigung m (erwartet 1) | B37: =SLOPE(Auswertung!H2:H10,Auswertung!I2:I10) -> 1.0060915
A38: Abbildungsmassstab: Achsenabschnitt c (erwartet 0) | B38: =INTERCEPT(Auswertung!H2:H10,Auswertung!I2:I10) -> 0.049605101
